id,name,majorChangePatchVersion,tooltip,shortDesc,longDesc,iconPath,endOfGameStatDescs
8369,First Strike,11.23,"Attacks or abilities against an enemy champion within @GraceWindow.2@s of entering champion combat grants @GoldProcBonus@ gold and <b>First Strike</b> for @Duration@ seconds, causing you to deal <truedamage>@DamageAmp*100@%</truedamage> extra <truedamage>damage</truedamage> against champions, and granting <gold>{{ Item_Melee_Ranged_Split }}</gold> of that damage dealt as <gold>gold</gold>.<br><br>Cooldown: <scaleLevel>@Cooldown@</scaleLevel><br><hr><br>Damage Dealt: @f1@<br>Gold Gained: @f2@","When you initiate champion combat, deal 10% extra damage for 3 seconds and gain gold based on damage dealt.","Attacks or abilities against an enemy champion within 0.25s of entering champion combat grants 5 gold and <b>First Strike</b> for 3 seconds, causing you to deal <truedamage>10%</truedamage> extra <truedamage> damage</truedamage> against champions, and granting <gold>100% (70% for ranged champions)</gold> of bonus damage dealt as <gold>gold</gold>.<br><br>Cooldown: <scaleLevel>25-15</scaleLevel>",/lol-game-data/assets/v1/perk-images/Styles/Inspiration/FirstStrike/FirstStrike.png,"['Damage Dealt: @eogvar1@', 'Gold Gained: @eogvar2@']"
8446,Demolish,,"Charge up a powerful attack against a tower over 3s, while within 600 range of it. The charged attack deals <scaleAD>@f6@</scaleAD> bonus physical damage. <br><hr><br>Cooldown remaining: @f2@<br>Total bonus damage: <scaleAD>@f1@</scaleAD><br>Current Damage: 100 + 35% of your max health",Charge up a powerful attack against a tower while near it.,"Charge up a powerful attack against a tower over 3s, while within 600 range of it. The charged attack deals 100 (+35% of your max health) bonus physical damage. <br><br>Cooldown: 45s",/lol-game-data/assets/v1/perk-images/Styles/Resolve/Demolish/Demolish.png,['Total Bonus Damage: @eogvar1@']
8126,Cheap Shot,9.9,Damaging champions with <b>impaired movement or actions</b> deals 10 - 45 bonus true damage (based on level).<br><br>Cooldown: 4s<br><rules>Activates on damage occurring after the impairment.</rules><br><hr><br>Current Damage: @f2@<br>Total bonus damage dealt: @f1@,Deal bonus true damage to enemy champions with <lol-uikit-tooltipped-keyword key='LinkTooltip_Description_ImpairAct'>impaired movement or actions</lol-uikit-tooltipped-keyword>. ,Damaging champions with <b>impaired movement or actions</b> deals 10 - 45 bonus true damage (based on level).<br><br>Cooldown: 4s<br><rules>Activates on damage occurring after the impairment.</rules>,/lol-game-data/assets/v1/perk-images/Styles/Domination/CheapShot/CheapShot.png,['Total damage: @eogvar1@']
8321,Future's Market,,You can enter debt to buy items. The amount you can borrow increases over time.<br><br>Lending Fee: 50 gold<br><hr><br>Debt limit: Available at 2 minutes<br>Future Purchases: @f3@,You can enter debt to buy items.,You can enter debt to buy items. The amount you can borrow increases over time.<br><br>Lending Fee: 50 gold<br>Debt limit: 150 + 5/min<br>(Debt doesn't become available until 2 minutes),/lol-game-data/assets/v1/perk-images/Styles/Inspiration/FuturesMarket/FuturesMarket.png,['Future Purchases: @eogvar1@']
8415,The Arcane Colossus,,"<pathResolve>Resolve</pathResolve> + <pathSorcery>Sorcery</pathSorcery> <br>+0-0 Health based on level<br>+0 Attack Damage or +0 Ability Power, <lol-uikit-tooltipped-keyword key='LinkTooltip_Description_Adaptive'><font color='#48C4B7'>Adaptive</font></lol-uikit-tooltipped-keyword><br>Current Bonus: <scaleAD>+@f1@ <scaleAD>Attack Damage</scaleAD></scaleAD>",<pathBonus><pathResolve>Resolve</pathResolve> + <pathSorcery>Sorcery</pathSorcery> Set Bonus</pathBonus>,"+0-0 Health based on level<br>+0 Attack Damage or +0 Ability Power, <lol-uikit-tooltipped-keyword key='LinkTooltip_Description_Adaptive'><font color='#48C4B7'>Adaptive</font></lol-uikit-tooltipped-keyword>",/lol-game-data/assets/v1/perk-images/Styles/RunesIcon.png,[]
8410,Approach Velocity,,Gain <speed>7.5% Move Speed</speed> towards nearby enemy champions that are movement impaired. This bonus is increased to <speed>15% Move Speed</speed> for any enemy champion that you impair. <br><br>Activation Range for CC from allies: 1000<br><hr><br>Time Spent Hasted: @f1@s,"Bonus <lol-uikit-tooltipped-keyword key='LinkTooltip_Description_MS'>MS</lol-uikit-tooltipped-keyword> towards nearby enemy champions that are <lol-uikit-tooltipped-keyword key='LinkTooltip_Description_ImpairMov'>movement impaired</lol-uikit-tooltipped-keyword>, increased for enemy champions that you impair.",Gain <speed>7.5% Move Speed</speed> towards nearby enemy champions that are movement impaired. This bonus is increased to <speed>15% Move Speed</speed> for any enemy champion that you impair. <br><br>Activation Range for CC from allies: 1000,/lol-game-data/assets/v1/perk-images/Styles/Resolve/ApproachVelocity/ApproachVelocity.png,['Time Spent Hasted: @eogvar1@']
8232,Waterwalking,,Gain <speed>25 Move Speed</speed> and an <lol-uikit-tooltipped-keyword key='LinkTooltip_Description_Adaptive'><font color='#48C4B7'>adaptive</font></lol-uikit-tooltipped-keyword> bonus of up to 18 Attack Damage or 30 Ability Power (based on level) when in the river.,"Gain <lol-uikit-tooltipped-keyword key='LinkTooltip_Description_MS'>MS</lol-uikit-tooltipped-keyword> and AP or AD, <lol-uikit-tooltipped-keyword key='LinkTooltip_Description_Adaptive'>adaptive</lol-uikit-tooltipped-keyword> in the river.",Gain <speed>25 Move Speed</speed> and an <lol-uikit-tooltipped-keyword key='LinkTooltip_Description_Adaptive'><font color='#48C4B7'>adaptive</font></lol-uikit-tooltipped-keyword> bonus of up to 18 Attack Damage or 30 Ability Power (based on level) when in the river.<br><br><hr><br><i>May you be as swift as the rushing river and agile as a startled Rift Scuttler.</i><br>,/lol-game-data/assets/v1/perk-images/Styles/Sorcery/Waterwalking/Waterwalking.png,['Total time active: @eogvar1@:@eogvar2@']
8299,Last Stand,,Deal 5% - 11% increased damage to champions while you are below 60% health. Max damage gained at 30% health.<br><br><rules>Minimum bonus is 5%.<br>Maximum bonus is granted while below 30% health.</rules><br><hr><br>Total bonus damage: <scaleAD>@f1@</scaleAD>,Deal more damage to champions while you are low on health.,Deal 5% - 11% increased damage to champions while you are below 60% health. Max damage gained at 30% health.,/lol-game-data/assets/v1/perk-images/Styles/Sorcery/LastStand/LastStand.png,['Total Bonus Damage: @eogvar1@']
8112,Electrocute,,Hitting a champion with 3 <b>separate</b> attacks or abilities within 3s deals bonus <lol-uikit-tooltipped-keyword key='LinkTooltip_Description_AdaptiveDmg'><font color='#48C4B7'>adaptive damage</font></lol-uikit-tooltipped-keyword>.<br>Cooldown: 25 - 20s<br><hr><br>Current damage: @f2@ (<scaleAP>+@f3@</scaleAP>) (<scaleAD>+@f4@</scaleAD>)<br>Total Damage Dealt: <scaleAD>@f1@</scaleAD>,Hitting a champion with 3 <b>separate</b> attacks or abilities in 3s deals bonus <lol-uikit-tooltipped-keyword key='LinkTooltip_Description_AdaptiveDmg'>adaptive damage</lol-uikit-tooltipped-keyword>.,"Hitting a champion with 3 <b>separate</b> attacks or abilities within 3s deals bonus <lol-uikit-tooltipped-keyword key='LinkTooltip_Description_AdaptiveDmg'><font color='#48C4B7'>adaptive damage</font></lol-uikit-tooltipped-keyword>.<br><br>Damage: 30 - 180 (+0.4 bonus AD, +0.25 AP) damage.<br><br>Cooldown: 25 - 20s<br><br><hr><i>'We called them the Thunderlords, for to speak of their lightning was to invite disaster.'</i>",/lol-game-data/assets/v1/perk-images/Styles/Domination/Electrocute/Electrocute.png,['Total Damage Dealt: @eogvar1@']
8234,Celerity,9.9,All movement bonuses are 7% more effective on you and gain <speed>1% Move Speed</speed>.<br><br>Currently Granted: <speed>@f1@ Move Speed</speed><br>Extra Distance Traveled: @f2@,All <speed>Move Speed</speed> bonuses are 7% more effective on you and gain <speed>1% Move Speed</speed>.,All movement bonuses are 7% more effective on you and gain <speed>1% Move Speed</speed>.,/lol-game-data/assets/v1/perk-images/Styles/Sorcery/Celerity/CelerityTemp.png,['Extra Distance Travelled: @eogvar1@']
8453,Revitalize,,Gain 5% Heal and Shield Power.<br><br>Heals and shields you cast or receive are 10% stronger on targets below 40% health.<br><hr><br><scaleAD>Bonus healing</scaleAD>: @f1@<br><scaleAD>Bonus shielding</scaleAD>: @f2@<br><scaleAD>Total Heal and Shield power</scaleAD>: @f4@%,Gain 5% Heal and Shield Power.<br><br>Heals and shields you cast or receive are 10% stronger on targets below 40% health.,Gain 5% Heal and Shield Power.<br><br>Heals and shields you cast or receive are 10% stronger on targets below 40% health.,/lol-game-data/assets/v1/perk-images/Styles/Resolve/Revitalize/Revitalize.png,"['Bonus Healing: @eogvar1@', 'Bonus Shielding: @eogvar2@']"
8360,Unsealed Spellbook,8.9,"Swap one of your equipped Summoner Spells to a new, single use Summoner Spell. Each unique Summoner Spell you swap to permanently decreases your swap cooldown by 25s (initial swap cooldown is at 5 mins). <br><br>Your first swap becomes available at 6 mins. <br><rules><br>Summoner Spells can only be swapped while out of combat. <br>After using a swapped Summoner Spell you must swap 3 more times before the first can be selected again.<br>Smite damage increases after two Summoner Spell swaps. </rules><hr><br>Unique Summoner Spells Used: @f4@/@f8@<br>Current Swap Cooldown: @f3@ seconds",Swap Summoner Spells while out of combat. Swapping to unique Summoner Spells will increase the rate at which you can make future swaps.,"Swap one of your equipped Summoner Spells to a new, single use Summoner Spell. Each unique Summoner Spell you swap to permanently decreases your swap cooldown by 25s (initial swap cooldown is at 5 mins). <br><br>Your first swap becomes available at 6 mins. <br><rules><br>Summoner Spells can only be swapped while out of combat. <br>After using a swapped Summoner Spell you must swap 3 more times before the first can be selected again.<br>Smite damage increases after two Summoner Spell swaps. </rules>",/lol-game-data/assets/v1/perk-images/Styles/Inspiration/UnsealedSpellbook/UnsealedSpellbook.png,['Summoner Spells swapped: @eogvar1@']
8004,The Brazen Perfect,,"<pathPrecision>Precision</pathPrecision> + <pathSorcery>Sorcery</pathSorcery><br>+0% Attack Speed<br>+0 Attack Damage or +0 Ability Power, <lol-uikit-tooltipped-keyword key='LinkTooltip_Description_Adaptive'><font color='#48C4B7'>Adaptive</font></lol-uikit-tooltipped-keyword><br>Current Bonus: <scaleAD>+@f1@ <scaleAD>Attack Damage</scaleAD></scaleAD>",<pathBonus><pathPrecision>Precision</pathPrecision> + <pathSorcery>Sorcery</pathSorcery> Set Bonus</pathBonus>,"+0% Attack Speed<br>+0 Attack Damage or +0 Ability Power, <lol-uikit-tooltipped-keyword key='LinkTooltip_Description_Adaptive'><font color='#48C4B7'>Adaptive</font></lol-uikit-tooltipped-keyword>",/lol-game-data/assets/v1/perk-images/Styles/RunesIcon.png,[]
8128,Dark Harvest,8.23,"Damaging a champion below 50% health deals <scaleAD>@f8@ physical damage</scaleAD> and harvests their soul, permanently increasing Dark Harvest's damage by <font color='#fc314e'>@f12@</font>.<br><br>Cooldown: 45s (resets to 1.5s on takedown)<br><hr><br>Souls harvested: <font color='#fc314e'>@f5@</font><br>Current damage: <scaleLevel>@f7@</scaleLevel> <font color='#fc314e'>(+@f6@)</font> <scaleAD>(+@f10@)</scaleAD> <scaleAP>(+@f11@)</scaleAP> <br>Total damage dealt: @f9@",Damaging a low health champion inflicts <lol-uikit-tooltipped-keyword key='LinkTooltip_Description_AdaptiveDmg'>adaptive damage</lol-uikit-tooltipped-keyword> and harvests a soul from the victim.,"Damaging a Champion below 50% health deals <lol-uikit-tooltipped-keyword key='LinkTooltip_Description_AdaptiveDmg'>adaptive damage</lol-uikit-tooltipped-keyword> and harvests their soul, permanently increasing Dark Harvest's damage by 5.<br><br>Dark Harvest damage: 20-60 (based on level) (+5 damage per soul) (+0.25 bonus AD) (+0.15 AP)<br>Cooldown: 45s (resets to 1.5s on takedown)",/lol-game-data/assets/v1/perk-images/Styles/Domination/DarkHarvest/DarkHarvest.png,"['Total Damage Dealt: @eogvar1@', 'Total Souls Harvested: @eogvar2@']"
8220,The Calamity,,"<pathSorcery>Sorcery</pathSorcery> + <pathDomination>Domination</pathDomination><br>+0 Attack Damage or +0 Ability Power, <lol-uikit-tooltipped-keyword key='LinkTooltip_Description_Adaptive'><font color='#48C4B7'>Adaptive</font></lol-uikit-tooltipped-keyword><br>Current Bonus: <scaleAD>+@f1@ <scaleAD>Attack Damage</scaleAD></scaleAD>",<pathBonus><pathSorcery>Sorcery</pathSorcery> + <pathDomination>Domination</pathDomination> Set Bonus</pathBonus>,"+0 Attack Damage or +0 Ability Power, <lol-uikit-tooltipped-keyword key='LinkTooltip_Description_Adaptive'><font color='#48C4B7'>Adaptive</font></lol-uikit-tooltipped-keyword>",/lol-game-data/assets/v1/perk-images/Styles/RunesIcon.png,[]
8016,The Merciless Elite,,"<pathPrecision>Precision</pathPrecision> + <pathDomination>Domination</pathDomination><br>+0% Attack Speed<br>+0 Attack Damage or +0 Ability Power, <lol-uikit-tooltipped-keyword key='LinkTooltip_Description_Adaptive'><font color='#48C4B7'>Adaptive</font></lol-uikit-tooltipped-keyword><br>Current Bonus: <scaleAD>+@f1@ <scaleAD>Attack Damage</scaleAD></scaleAD>",<pathBonus><pathPrecision>Precision</pathPrecision> + <pathDomination>Domination</pathDomination> Set Bonus</pathBonus>,"+0% Attack Speed<br>+0 Attack Damage or +0 Ability Power, <lol-uikit-tooltipped-keyword key='LinkTooltip_Description_Adaptive'><font color='#48C4B7'>Adaptive</font></lol-uikit-tooltipped-keyword>",/lol-game-data/assets/v1/perk-images/Styles/RunesIcon.png,[]
8473,Bone Plating,9.9,"After taking damage from an enemy champion, the next 3 spells or attacks you receive from them deal <scaleLevel>@f2@</scaleLevel> less damage.<br><br>Duration: 1.5s<br>Cooldown: 45s<br><hr><br>Total Damage Reduced: <scaleLevel>@f1@</scaleLevel>","After taking damage from an enemy champion, the next 3 spells or attacks you receive from them deal 30-60 less damage.<br><br><br>Duration: 1.5s<br>Cooldown: 45s","After taking damage from an enemy champion, the next 3 spells or attacks you receive from them deal 30-60 less damage.<br><br><br>Duration: 1.5s<br>Cooldown: 45s",/lol-game-data/assets/v1/perk-images/Styles/Resolve/BonePlating/BonePlating.png,['Total Damage Blocked: @eogvar1@']
8339,Celestial Body,,+100 Health permanently<br>-10% damage to champions and monsters until 10 min,+100 Health permanently<br>-10% damage to champions and monsters until 10 min,+100 Health permanently<br>-10% damage to champions and monsters until 10 min<br><br><hr><br><i>'The greatest legends live on in the stars.' <br>—Daphna the Dreamer</i>,/lol-game-data/assets/v1/perk-images/Styles/Inspiration/CelestialBody/CelestialBody.png,['--']
8214,Summon Aery,,"Damaging enemy champions with basic attacks or abilities sends Aery to them, dealing <font color='#FFFFFF'>@f5@</font> (+<scaleAP>@f6@</scaleAP>) (+<scaleAD>@f7@</scaleAD>).<br><br>Empower or protecting allies with abilities sends Aery to them, shielding them for <font color='#FFFFFF'>@f8@</font> (+<scaleAP>@f9@</scaleAP>) (+<scaleAD>@f10@</scaleAD>).<br><br>Aery cannot be sent out again until she returns to you.<br><br><hr><br>Aery has attacked enemies <font color='#FFFFFF'>@f1@</font> times for a total of <font color='#FFFFFF'>@f3@</font> damage.<br>Aery has helped allies <font color='#FFFFFF'>@f2@</font> times, shielding a total of <font color='#FFFFFF'>@f4@</font> damage.","Your attacks and abilities send Aery to a target, damaging enemies or shielding allies.","Damaging enemy champions with basic attacks or abilities sends Aery to them, dealing 10 - 40 based on level (+<scaleAP>0.1 AP</scaleAP>) (+<scaleAD>0.15 bonus AD</scaleAD>).<br><br>Empower or protecting allies with abilities sends Aery to them, shielding them for 35 - 80 based on level (+<scaleAP>0.25 AP</scaleAP>) (+<scaleAD>0.4 bonus AD</scaleAD>).<br><br>Aery cannot be sent out again until she returns to you.",/lol-game-data/assets/v1/perk-images/Styles/Sorcery/SummonAery/SummonAery.png,"['Damage Dealt: @eogvar1@', 'Damage Shielded: @eogvar2@']"
8237,Scorch,9.9,Your next damaging ability hit sets champions on fire dealing 15 - 35 bonus magic damage based on level after 1s.<br><br>Cooldown: 10s<br><hr><br>Current Damage: @f2@<br>Total Damage Dealt: @f1@,Your first damaging ability hit every 10s burns champions.,Your next damaging ability hit sets champions on fire dealing 15 - 35 bonus magic damage based on level after 1s.<br><br>Cooldown: 10s,/lol-game-data/assets/v1/perk-images/Styles/Sorcery/Scorch/Scorch.png,['Total Bonus Damage: @eogvar1@']
8139,Taste of Blood,,Heal when you damage an enemy champion.<br><br>Healing: <font color='#ffffff'>@f2@</font> (+<scaleAD>@f3@</scaleAD>) (+<scaleAP>@f4@</scaleAP>)<br><br>Cooldown: 20s<br><hr><br>Total Healing: @f1@,Heal when you damage an enemy champion.,"Heal when you damage an enemy champion.<br><br>Healing: 18-35 (+0.2 bonus AD, +0.1 AP) health (based on level)<br><br>Cooldown: 20s",/lol-game-data/assets/v1/perk-images/Styles/Domination/TasteOfBlood/GreenTerror_TasteOfBlood.png,['Total Healing: @eogvar1@']
8008,Lethal Tempo,,"Gain %i:scaleAS% (%i:meleeActive% @ASMelee@ || %i:rangedActive% @ASRanged@) Attack Speed for 6 seconds when you attack an enemy champion. This effect stacks up to 6 times.<br><br>While this effect is fully stacked, your Attack Speed can exceed 2.5 and you also gain (%i:meleeActive% 50 || %i:rangedActive% 75) Attack Range.<br><hr><br>Capstone Uptime: @f1@s","Gain attack speed when attacking an enemy champion, stacking up to 6 times. At max stacks, gain Attack Range and remove your Attack Speed limit.","Gain [60% - 90%] (Melee) or [30% - 54%] (Ranged) Attack Speed for 6 seconds when you attack an enemy champion. This effect stacks up to 6 times.<br><br>While this effect fully stacked, your Attack Speed can exceed 2.5 and you gain 50 (Melee) or 75 (Ranged) Attack Range.",/lol-game-data/assets/v1/perk-images/Styles/Precision/LethalTempo/LethalTempoTemp.png,['Max Attack Speed Uptime: @eogvar1@:@eogvar2@']
9105,Legend: Tenacity,,"Gain 5% tenacity plus an additional 2.5% for every <i>Legend</i> stack (<statGood>max 10 stacks</statGood>).<br><br>Earn progress toward <i>Legend</i> stacks for every champion takedown, epic monster takedown, large monster kill, and minion kill.<br><hr><br>Total tenacity granted: <scaleAD>@f1*100@%</scaleAD> (<statGood>@f3@ of 10</statGood>)<br>Progress Towards Next Stack: @f2@%",<lol-uikit-tooltipped-keyword key='LinkTooltip_Description_Takedown'>Takedowns</lol-uikit-tooltipped-keyword> on enemies grant permanent <b>Tenacity</b>. ,"Gain 5% tenacity plus an additional 2.5% for every <i>Legend</i> stack (<statGood>max 10 stacks</statGood>).<br><br>Earn progress toward <i>Legend</i> stacks for every champion takedown, epic monster takedown, large monster kill, and minion kill.",/lol-game-data/assets/v1/perk-images/Styles/Precision/LegendTenacity/LegendTenacity.png,['Time Completed: @eogvar1@:@eogvar2@']
8010,Conqueror,9.4,"Basic attacks or spells that deal damage to an enemy champion grant 2 stacks of Conqueror for 5s, gaining <scaleLevel>@f5.1@</scaleLevel> <scaleAD>Attack Damage</scaleAD> per stack. Stacks up to 12 times. Ranged champions gain only 1 stack per basic attack.<br><br>When fully stacked, heal for 9% of the damage you deal to champions (6% for ranged champions).<br><br>Total Healing: @f1@","Gain stacks of adaptive force when attacking enemy champions. After reaching 12 stacks, heal for a portion of damage you deal to champions.","Basic attacks or spells that deal damage to an enemy champion grant 2 stacks of Conqueror for 5s, gaining 2-4.5 <lol-uikit-tooltipped-keyword key='LinkTooltip_Description_Adaptive'><font color='#48C4B7'>Adaptive Force</font></lol-uikit-tooltipped-keyword> per stack. Stacks up to 12 times. Ranged champions gain only 1 stack per basic attack.<br><br>When fully stacked, heal for 9% of the damage you deal to champions (6% for ranged champions).",/lol-game-data/assets/v1/perk-images/Styles/Precision/Conqueror/Conqueror.png,['Total healing: @eogvar1@']
8106,Ultimate Hunter,9.9,"Your ultimate gains <attention>6</attention> Ability Haste, plus an additional <attention>5</attention> Ability Haste per <i>Bounty Hunter</i> stack.<br><br><i>Bounty Hunter</i> stacks are earned the first time you get a takedown on each enemy champion.<br><hr><br><u>No Claimable Bounties</u>",<b>Unique</b> <lol-uikit-tooltipped-keyword key='LinkTooltip_Description_Takedown'>takedowns</lol-uikit-tooltipped-keyword> grant permanent cooldown reduction on your Ultimate. ,"Your ultimate gains <attention>6</attention> Ability Haste, plus an additional <attention>5</attention> Ability Haste per <i>Bounty Hunter</i> stack.<br><br><i>Bounty Hunter</i> stacks are earned the first time you get a takedown on each enemy champion.",/lol-game-data/assets/v1/perk-images/Styles/Domination/UltimateHunter/UltimateHunter.png,['Total Stacks: @eogvar1@']
8017,Cut Down,,"Deal 5% to 15% more damage to champions, based on how much more max health they have than you.<br><br><rules>Bonus damage scales up linearly against enemies with 10% to 100% more max health than you.</rules><br><hr><br>Total bonus damage: <scaleAD>@f1@</scaleAD>",Deal more damage to champions with more max health than you.,"Deal 5% to 15% more damage to champions, based on how much more max health they have than you.<br><br><rules>Bonus damage scales up linearly against enemies with 10% to 100% more max health than you.</rules>",/lol-game-data/assets/v1/perk-images/Styles/Precision/CutDown/CutDown.png,['Total Bonus Damage: @eogvar1@']
8224,Nullifying Orb,,"When you take magic damage that would reduce your Health below 30%, gain a shield that absorbs <font color='#ffffff'>@f2@</font> (+<scaleAD>@f3@</scaleAD>) (+<scaleAP>@f4@</scaleAP>) magic damage for 4s.<br><br>Cooldown: 60s<br><hr><br>Total Magic Damage Blocked: @f1@",Gain a magic damage shield when taken to low health by magic damage.,"When you take magic damage that would reduce your Health below 30%, gain a shield that absorbs 40 - 120 magic damage based on level (<scaleAP>+0.1 AP</scaleAP> and <scaleAD>+0.15 bonus AD</scaleAD>) for 4s.<br><br>Cooldown: 60s",/lol-game-data/assets/v1/perk-images/Styles/Sorcery/NullifyingOrb/Pokeshield.png,['Total shield granted: @eogvar1@']
8210,Transcendence,,"Gain bonuses upon reaching the following levels:<br>Level 5: +5 <lol-uikit-tooltipped-keyword key='LinkTooltip_Description_CDR'>Ability Haste</lol-uikit-tooltipped-keyword> <br>Level 8: +5 <lol-uikit-tooltipped-keyword key='LinkTooltip_Description_CDR'>Ability Haste</lol-uikit-tooltipped-keyword> <br>Level 11: On Champion takedown, reduce the remaining cooldown of basic abilities by 20%.<br><br><hr><br>Bonus Ability Haste: +@f4*100@<br>Seconds Refunded: @f3@","Gain bonuses upon reaching the following levels:<br>Level 5: +5 <lol-uikit-tooltipped-keyword key='LinkTooltip_Description_CDR'>Ability Haste</lol-uikit-tooltipped-keyword> <br>Level 8: +5 <lol-uikit-tooltipped-keyword key='LinkTooltip_Description_CDR'>Ability Haste</lol-uikit-tooltipped-keyword> <br>Level 11: On Champion takedown, reduce the remaining cooldown of basic abilities by 20%.","Gain bonuses upon reaching the following levels:<br>Level 5: +5 <lol-uikit-tooltipped-keyword key='LinkTooltip_Description_CDR'>Ability Haste</lol-uikit-tooltipped-keyword> <br>Level 8: +5 <lol-uikit-tooltipped-keyword key='LinkTooltip_Description_CDR'>Ability Haste</lol-uikit-tooltipped-keyword> <br>Level 11: On Champion takedown, reduce the remaining cooldown of basic abilities by 20%.<br>",/lol-game-data/assets/v1/perk-images/Styles/Sorcery/Transcendence/Transcendence.png,['Seconds refunded: @eogvar1@']
8005,Press the Attack,,"Hitting an enemy champion with 3 consecutive basic attacks deals <scaleLevel>@f4@</scaleLevel> bonus <lol-uikit-tooltipped-keyword key='LinkTooltip_Description_AdaptiveDmg'><font color='#48C4B7'>adaptive damage</font></lol-uikit-tooltipped-keyword> (based on level) and makes them vulnerable, increasing the damage they take by <scaleLevel>@f7@%</scaleLevel> from all sources for 6s.<br><hr><br>Bonus Damage Dealt: <scaleAD>@f2@</scaleAD><br>Total Exposure Damage: <scaleAD>@f3@</scaleAD>","Hitting an enemy champion 3 consecutive times makes them vulnerable, dealing bonus damage and causing them to take more damage from all sources for 6s.","Hitting an enemy champion with 3 consecutive basic attacks deals 40 - 180 bonus <lol-uikit-tooltipped-keyword key='LinkTooltip_Description_AdaptiveDmg'><font color='#48C4B7'>adaptive damage</font></lol-uikit-tooltipped-keyword> (based on level) and makes them vulnerable, increasing the damage they take by 8 - 12% from all sources for 6s.",/lol-game-data/assets/v1/perk-images/Styles/Precision/PressTheAttack/PressTheAttack.png,"['Total Damage: @eogvar1@', 'Bonus Damage: @eogvar2@', 'Expose Damage: @eogvar3@']"
8435,Mirror Shell,,"Gain +6 Magic Resist. <br><br>Heal effects from consumables, heals for at least 20 health and shields increase your Magic Resist by 5% for 3s.","Gain +6 Magic Resist. <br>Heals, including consumables, increase your Magic Resist by 5% temporarily.<br>","Gain +6 Magic Resist. <br><br>Heal effects from consumables, heals for at least 20 health and shields increase your Magic Resist by 5% for 3s.",/lol-game-data/assets/v1/perk-images/Styles/Resolve/MirrorShell/MirrorShell.png,['Bonus Magic Resist: @eogvar1@']
8115,The Aether Blade,,"<pathDomination>Domination</pathDomination> + <pathSorcery>Sorcery</pathSorcery><br>+0 Attack Damage or +0 Ability Power, <lol-uikit-tooltipped-keyword key='LinkTooltip_Description_Adaptive'><font color='#48C4B7'>Adaptive</font></lol-uikit-tooltipped-keyword><br>Current Bonus: <scaleAD>+@f1@ <scaleAD>Attack Damage</scaleAD></scaleAD>",<pathBonus><pathDomination>Domination</pathDomination> + <pathSorcery>Sorcery</pathSorcery> Set Bonus</pathBonus>,"+0 Attack Damage or +0 Ability Power, <lol-uikit-tooltipped-keyword key='LinkTooltip_Description_Adaptive'><font color='#48C4B7'>Adaptive</font></lol-uikit-tooltipped-keyword>",/lol-game-data/assets/v1/perk-images/Styles/RunesIcon.png,[]
8359,Kleptomancy,8.23,"After using an ability, each of your next 2 attacks can grant 5 gold... or something nicer.<br><br>Only attacks against champions grant you a reward.<br><hr><br>Gold Gained: @f1@<br>Items Looted: @f3@",Loot gold and items from enemy champions by casting spells and auto attacking them.,"After using an ability, each of your next 2 attacks can grant 5 gold... or something nicer.<br><br>Only attacks against champions grant you a reward.",/lol-game-data/assets/v1/perk-images/Styles/Inspiration/Kleptomancy/Kleptomancy.png,"['Gold Granted: @eogvar1@', 'Items Looted: @eogvar2@']"
8352,Time Warp Tonic,8.22,"Consuming a potion or biscuit grants 30% of its health or mana restoration immediately. In addition, gain <speed>4% Move Speed</speed> while under their effects.<br><br><br><hr><br>Time Spent hasted: @f1@s<br>Total health instantly restored: @f2@<br>Total mana instantly restored: @f3@",Potions and biscuits grant some restoration immediately. Gain <lol-uikit-tooltipped-keyword key='LinkTooltip_Description_MS'>MS</lol-uikit-tooltipped-keyword>  while under their effects.,"Consuming a potion or biscuit grants 30% of its health or mana restoration immediately. In addition, gain <speed>4% Move Speed</speed> while under their effects.<br><br>",/lol-game-data/assets/v1/perk-images/Styles/Inspiration/TimeWarpTonic/TimeWarpTonic.png,"['Time Spent Hasted: @eogvar1@', 'Total Immediate Health Restored: @eogvar2@', 'Total Immediate Mana Restored: @eogvar3@']"
5003,MagicRes,,+8 Magic Resist,+8 Magic Resist,+8 Magic Resist,/lol-game-data/assets/v1/perk-images/StatMods/StatModsMagicResIcon.png,[]
8135,Treasure Hunter,,"Gain an additional <gold>70 gold</gold> the next time you collect a <i>Bounty Hunter</i> stack. Increase the gold gained by <gold>20 gold</gold> for each <i>Bounty Hunter</i> stack, up to <gold>150 gold</gold>.<br><br><i>Bounty Hunter</i> stacks are earned the first time you get a takedown on each enemy champion.<br><br>Current Bounty Available: <gold>@f15@ gold</gold><br>Bonus Gold Collected: <gold>@f3@ gold</gold><br><hr><br><u>No Claimable Bounties</u>",<b>Unique</b> <lol-uikit-tooltipped-keyword key='LinkTooltip_Description_Takedown'>takedowns</lol-uikit-tooltipped-keyword> grant additional gold the first time they are collected. ,"Gain an additional <gold>70 gold</gold> the next time you collect a <i>Bounty Hunter</i> stack. Increase the gold gained by <gold>20 gold</gold> for each <i>Bounty Hunter</i> stack, up to <gold>150 gold</gold>.<br><br><i>Bounty Hunter</i> stacks are earned the first time you get a takedown on each enemy champion.",/lol-game-data/assets/v1/perk-images/Styles/Domination/TreasureHunter/TreasureHunter.png,"['Gold Collected: @eogvar1@', 'Total Stacks: @eogvar2@']"
8120,Ghost Poro,9.9,"When your wards expire, they leave behind a Ghost Poro, which grants vision for 90s. Nearby enemy champions scare the Ghost Poro away.<br><br>Gain an <lol-uikit-tooltipped-keyword key='LinkTooltip_Description_Adaptive'><font color='#48C4B7'>adaptive</font></lol-uikit-tooltipped-keyword> bonus of 1.2 Attack Damage or 2 Ability Power for every Ghost Poro spawned and when your Ghost Poro spots an enemy champion up to 10 stacks. <br><br>After gaining 10 stacks, additionally gain 10 adaptive force.<br><hr><br>Stats Gained: <scaleAD>+@f2@ Attack Damage</scaleAD><br>Poros Spawned: @f3@<br>Enemies Spotted: @f5@","When your wards expire, they leave behind a Ghost Poro. The Ghost Poro grants vision until discovered. Gain permanent AD or AP, <lol-uikit-tooltipped-keyword key='LinkTooltip_Description_Adaptive'>adaptive</lol-uikit-tooltipped-keyword> for each Ghost Poro and when your Ghost Poro spots an enemy champion, plus bonus upon completion.","When your wards expire, they leave behind a Ghost Poro, which grants vision for 90s. Nearby enemy champions scare the Ghost Poro away.<br><br>Gain an <lol-uikit-tooltipped-keyword key='LinkTooltip_Description_Adaptive'><font color='#48C4B7'>adaptive</font></lol-uikit-tooltipped-keyword> bonus of 1.2 Attack Damage or 2 Ability Power for every Ghost Poro spawned and when your Ghost Poro spots an enemy champion up to 10 stacks. <br><br>After gaining 10 stacks, additionally gain 10 adaptive force.",/lol-game-data/assets/v1/perk-images/Styles/Domination/GhostPoro/GhostPoro.png,"['Ghost Poros Spawned: @eogvar3@', 'Enemies Spotted: @eogvar1@']"
8134,Ingenious Hunter,,Gain <attention>20</attention> <b>Item Haste</b> plus an additional <attention>6</attention> <b>Item Haste</b> per <i>Bounty Hunter</i> stack (includes Trinkets).<br><br><i>Bounty Hunter</i> stacks are earned the first time you get a takedown on each enemy champion.<br><br><rules>Item Haste affects all items with cooldowns. </rules><br><br>Total item activations (including Trinkets): @f3@<br><hr><br><u>No Claimable Bounties</u>,<b>Unique</b> <lol-uikit-tooltipped-keyword key='LinkTooltip_Description_Takedown'>takedowns</lol-uikit-tooltipped-keyword> grant permanent Item <lol-uikit-tooltipped-keyword key='LinkTooltip_Description_CDR'>Haste</lol-uikit-tooltipped-keyword> (includes Trinkets).,Gain <attention>20</attention> <b>Item Haste</b> plus an additional <attention>6</attention> <b>Item Haste</b> per <i>Bounty Hunter</i> stack (includes Trinkets).<br><br><i>Bounty Hunter</i> stacks are earned the first time you get a takedown on each enemy champion.<br><br><rules>Item Haste affects all items with cooldowns. </rules>,/lol-game-data/assets/v1/perk-images/Styles/Domination/IngeniousHunter/IngeniousHunter.png,"['Total Stacks: @eogvar2@', 'Total Item Activations (Including Trinkets): @eogvar1@']"
8351,Glacial Augment,,"Immobilizing an enemy champion will cause 3 glacial rays to emanate from them towards you and other nearby champions, creating frozen zones for 3 (+ 100% of the immobilizing effect's duration) seconds that slow enemies and reduce their damage by 15% against your allies (not including yourself). <br><br>Cooldown: 25s<br>Slow Amount: @f3@% = 30% <healing>+@f4@% (%i:scaleHealShield%)</healing> <scaleAP>+@f5@% (%i:scaleAP%)</scaleAP> <scaleAD>+@f6@% (%i:scaleAD%)</scaleAD> <br>Duration Enemy Champs Slowed: @f1@s<br>Damage Reduced: @f2@",Immobilizing an enemy champion will cause 3 glacial rays that slow nearby enemies and reduce their damage to your allies. Cooldown: 25s,"Immobilizing an enemy champion will cause 3 glacial rays to emanate from them towards you and other nearby champions, creating frozen zones for 3 (+ 100% of the immobilizing effect's duration) seconds that slow enemies for 30% (+9% per 10% Heal and Shield Power) (+3% per 100 Ability Power) (+4% per 100 bonus Attack Damage) and reduce their damage by 15% against your allies (not including yourself). <br><br>Cooldown: 25s",/lol-game-data/assets/v1/perk-images/Styles/Inspiration/GlacialAugment/GlacialAugment.png,"['Duration Enemy Champs Slowed: @eogvar1@s', 'Damage Reduced: @eogvar2@']"
8242,Unflinching,,Gain 10% Tenacity and 10% Slow Resist. These values increase by up to an additional 20% Tenacity and 20% Slow Resist based on missing health. Maximum value achieved at 30% health. <br>Current Bonus Tenacity: @f1@%<br>Current Bonus Slow Resist: @f2@%<br><br>Total combat time with increased resistances: @f6@ seconds.,Gain a small amount of tenacity that increases with missing health. ,Gain 10% Tenacity and 10% Slow Resist. These values increase by up to an additional 20% Tenacity and 20% Slow Resist based on missing health. Maximum value achieved at 30% health. ,/lol-game-data/assets/v1/perk-images/Styles/Sorcery/Unflinching/Unflinching.png,['Seconds in combat at max tenacity granted: @eogvar1@']
8401,Shield Bash,8.23,"While shielded, gain <scaleLevel>@f6@</scaleLevel> bonus Armor and Magic Resist.<br><br>Whenever you gain a new shield, your next basic attack against a champion deals <scaleLevel>@f4@</scaleLevel> <scaleHealth>(+@f2@)</scaleHealth> <scaleMana>(+8.5% New Shield Amount)</scaleMana> bonus magic damage.<br><br>You have up to 2s after the shield expires to use this effect.<br><hr><br>Total Damage Dealt: @f1@","Whenever you gain a shield, your next basic attack against a champion deals bonus <lol-uikit-tooltipped-keyword key='LinkTooltip_Description_Adaptive'><font color='#48C4B7'>adaptive</font></lol-uikit-tooltipped-keyword> damage.","While shielded, gain <scaleLevel>1 - 10</scaleLevel> Armor and Magic Resist based on Level.<br><br>Whenever you gain a new shield,  your next basic attack against a champion deals <scaleLevel>5 - 30</scaleLevel> <scaleHealth>(+1.5% Bonus Health)</scaleHealth> <scaleMana>(+8.5% New Shield Amount)</scaleMana> bonus <lol-uikit-tooltipped-keyword key='LinkTooltip_Description_Adaptive'><font color='#48C4B7'>adaptive</font></lol-uikit-tooltipped-keyword> damage.<br><br>You have up to 2s after the shield expires to use this effect.",/lol-game-data/assets/v1/perk-images/Styles/Resolve/MirrorShell/MirrorShell.png,['Total Damage: @eogvar1@']
9111,Triumph,,Takedowns restore 12% of your missing health and grant an additional 20 gold. <br><hr><br>Total health restored: <scaleAD>@f1@</scaleAD><br>Total bonus gold granted: <scaleAD>@f2@</scaleAD>,<lol-uikit-tooltipped-keyword key='LinkTooltip_Description_Takedown'>Takedowns</lol-uikit-tooltipped-keyword> restore 12% of your missing health and grant an additional 20 gold. ,Takedowns restore 12% of your missing health and grant an additional 20 gold. <br><br><hr><br><i>'The most dangerous game brings the greatest glory.' <br>—Noxian Reckoner</i>,/lol-game-data/assets/v1/perk-images/Styles/Precision/Triumph.png,"['Total Health Restored: @eogvar1@', 'Total bonus gold granted: @eogvar2@']"
8105,Relentless Hunter,9.9,Gain <speed>5 Move Speed</speed> out of combat plus <speed>8</speed> per <i>Bounty Hunter</i> stack.<br><br><i>Bounty Hunter</i> stacks are earned the first time you get a takedown on each enemy champion.<br><br>Current Relentless Hunter increase: <speed>@f3.2@% Move Speed</speed><br><hr><br><u>No Claimable Bounties</u>,<b>Unique</b> <lol-uikit-tooltipped-keyword key='LinkTooltip_Description_Takedown'>takedowns</lol-uikit-tooltipped-keyword> grant permanent <b>out of combat <lol-uikit-tooltipped-keyword key='LinkTooltip_Description_MS'>MS</lol-uikit-tooltipped-keyword></b>. ,Gain <speed>5 Move Speed</speed> out of combat plus <speed>8</speed> per <i>Bounty Hunter</i> stack.<br><br><i>Bounty Hunter</i> stacks are earned the first time you get a takedown on each enemy champion.,/lol-game-data/assets/v1/perk-images/Styles/Domination/RelentlessHunter/RelentlessHunter.png,"['Total Stacks: @eogvar2@', '<speed>@eogvar1@% Move Speed</speed> increase']"
8454,The Leviathan,,"<pathResolve>Resolve</pathResolve> + <pathDomination>Domination</pathDomination> <br>+0-0 Health based on level<br>+0 Attack Damage or +0 Ability Power, <lol-uikit-tooltipped-keyword key='LinkTooltip_Description_Adaptive'><font color='#48C4B7'>Adaptive</font></lol-uikit-tooltipped-keyword><br>Current Bonus: <scaleAD>+@f1@ <scaleAD>Attack Damage</scaleAD></scaleAD>",<pathBonus><pathResolve>Resolve</pathResolve> + <pathDomination>Domination</pathDomination> Set Bonus</pathBonus>,"+0-0 Health based on level<br>+0 Attack Damage or +0 Ability Power, <lol-uikit-tooltipped-keyword key='LinkTooltip_Description_Adaptive'><font color='#48C4B7'>Adaptive</font></lol-uikit-tooltipped-keyword>",/lol-game-data/assets/v1/perk-images/Styles/RunesIcon.png,[]
8275,Nimbus Cloak,8.11,"After casting a Summoner Spell, gain a <speed>Move Speed</speed> increase that lasts for 2s and allows you to pass through units.<br><hr><br>Increase: <speed>5% - 25% Move Speed</speed> based on the Summoner Spell's cooldown. (Higher cooldown Summoner Spells grant more <speed>Move Speed</speed>). <br><hr><br>Times activated: @f1@","After casting a Summoner Spell, gain a short <speed>Move Speed</speed> increase that allows you to pass through units.","After casting a Summoner Spell, gain a <speed>Move Speed</speed> increase that lasts for 2s and allows you to pass through units.<br><br>Increase: <speed>5% - 25% Move Speed</speed> based on the Summoner Spell's cooldown. (Higher cooldown Summoner Spells grant more <speed>Move Speed</speed>). ",/lol-game-data/assets/v1/perk-images/Styles/Sorcery/NimbusCloak/6361.png,['Times activated: @eogvar1@']
8207,The Cryptic,,"<pathSorcery>Sorcery</pathSorcery> + <pathInspiration>Inspiration</pathInspiration><br>+0 Attack Damage or +0 Ability Power, <lol-uikit-tooltipped-keyword key='LinkTooltip_Description_Adaptive'><font color='#48C4B7'>Adaptive</font></lol-uikit-tooltipped-keyword><br>Current Bonus: <scaleAD>+@f1@ <scaleAD>Attack Damage</scaleAD></scaleAD>",<pathBonus><pathSorcery>Sorcery</pathSorcery> + <pathInspiration>Inspiration</pathInspiration> Set Bonus</pathBonus>,"+0 Attack Damage or +0 Ability Power, <lol-uikit-tooltipped-keyword key='LinkTooltip_Description_Adaptive'><font color='#48C4B7'>Adaptive</font></lol-uikit-tooltipped-keyword>",/lol-game-data/assets/v1/perk-images/Styles/RunesIcon.png,[]
8439,Aftershock,9.9,"After immobilizing an enemy champion, increase your Armor and Magic Resist for 2.5s. Then explode, dealing magic damage to nearby enemies.<br><br>Damage: <scaleLevel>@f4@</scaleLevel> <scaleHealth>(+@f5@)</scaleHealth> <br>Armor buff: @f8@<scaleArmor> (+@f2@)</scaleArmor><br>Magic Resist buff: @f8@<scaleMR> (+@f3@)</scaleMR><br>Cooldown: 20s<br><hr><br>Total damage dealt: <scaleAD>@f1@</scaleAD><br>Total damage mitigated: <scaleHealth>@f9@</scaleHealth>",After <lol-uikit-tooltipped-keyword key='LinkTooltip_Description_Immobilize'>immobilizing</lol-uikit-tooltipped-keyword> an enemy champion gain defenses and later deal a burst of magic damage around you.,"After immobilizing an enemy champion, increase your Armor and Magic Resist by 35 + 80% of your Bonus Resists for 2.5s. Then explode, dealing magic damage to nearby enemies.<br><br>Damage: 25 - 120 (+8% of your bonus health)<br>Cooldown: 20s<br><br>Resistance bonus from Aftershock capped at: 80-150 (based on level)<br>",/lol-game-data/assets/v1/perk-images/Styles/Resolve/VeteranAftershock/VeteranAftershock.png,"['Total Damage Dealt: @eogvar1@', 'Total Damage Mitigated: @eogvar2@']"
8109,The Wicked Maestro ,,"<pathDomination>Domination</pathDomination> + <pathInspiration>Inspiration</pathInspiration><br>+0 Attack Damage or +0 Ability Power, <lol-uikit-tooltipped-keyword key='LinkTooltip_Description_Adaptive'><font color='#48C4B7'>Adaptive</font></lol-uikit-tooltipped-keyword><br>Current Bonus: <scaleAD>+@f1@ <scaleAD>Attack Damage</scaleAD></scaleAD>",<pathBonus><pathDomination>Domination</pathDomination> + <pathInspiration>Inspiration</pathInspiration> Set Bonus</pathBonus>,"+0 Attack Damage or +0 Ability Power, <lol-uikit-tooltipped-keyword key='LinkTooltip_Description_Adaptive'><font color='#48C4B7'>Adaptive</font></lol-uikit-tooltipped-keyword>",/lol-game-data/assets/v1/perk-images/Styles/RunesIcon.png,[]
5002,Armor,,+6 Armor,+6 Armor,+6 Armor,/lol-game-data/assets/v1/perk-images/StatMods/StatModsArmorIcon.png,[]
8414,The Behemoth,,<pathResolve>Resolve</pathResolve> + <pathPrecision>Precision</pathPrecision> <br>+0-0 Health based on level<br>+0% Attack Speed,<pathBonus><pathResolve>Resolve</pathResolve> + <pathPrecision>Precision</pathPrecision> Set Bonus</pathBonus>,+0-0 Health based on level<br>+0% Attack Speed,/lol-game-data/assets/v1/perk-images/Styles/RunesIcon.png,[]
5008,Adaptive,,<scaleAD>+@f2@ Attack Damage</scaleAD>,+9 <lol-uikit-tooltipped-keyword key='LinkTooltip_Description_Adaptive'><font color='#48C4B7'>Adaptive Force</font></lol-uikit-tooltipped-keyword>,+9 <lol-uikit-tooltipped-keyword key='LinkTooltip_Description_Adaptive'><font color='#48C4B7'>Adaptive Force</font></lol-uikit-tooltipped-keyword>,/lol-game-data/assets/v1/perk-images/StatMods/StatModsAdaptiveForceIcon.png,[]
8320,The Timeless,,<pathInspiration>Inspiration</pathInspiration> + <pathResolve>Resolve</pathResolve><br>+0-0 Health based on level,<pathBonus><pathInspiration>Inspiration</pathInspiration> + <pathResolve>Resolve</pathResolve> Set Bonus</pathBonus>,+0-0 Health based on level,/lol-game-data/assets/v1/perk-images/Styles/RunesIcon.png,[]
8319,The Stargazer,,"<pathInspiration>Inspiration</pathInspiration> + <pathSorcery>Sorcery</pathSorcery><br>+0 Attack Damage or +0 Ability Power, <lol-uikit-tooltipped-keyword key='LinkTooltip_Description_Adaptive'><font color='#48C4B7'>Adaptive</font></lol-uikit-tooltipped-keyword><br>Current Bonus: <scaleAD>+@f1@ <scaleAD>Attack Damage</scaleAD></scaleAD>",<pathBonus><pathInspiration>Inspiration</pathInspiration> + <pathSorcery>Sorcery</pathSorcery> Set Bonus</pathBonus>,"+0 Attack Damage or +0 Ability Power, <lol-uikit-tooltipped-keyword key='LinkTooltip_Description_Adaptive'><font color='#48C4B7'>Adaptive</font></lol-uikit-tooltipped-keyword>",/lol-game-data/assets/v1/perk-images/Styles/RunesIcon.png,[]
5001,HealthScaling,,+@f1@ Health (based on level),+15-140 Health (based on level),+15-140 Health (based on level),/lol-game-data/assets/v1/perk-images/StatMods/StatModsHealthScalingIcon.png,[]
8430,Iron Skin,,"Gain +5 Armor. <br><br>Heal effects from consumables, heals for at least 20 health and shields increase your Armor by 5% for 3s.","Gain +5 Armor. <br>Heals, including consumables, increase your Armor by 5% temporarily.","Gain +5 Armor. <br><br>Heal effects from consumables, heals for at least 20 health and shields increase your Armor by 5% for 3s.",/lol-game-data/assets/v1/perk-images/Styles/Resolve/IronSkin/IronSkin.png,['Percent of game active: @eogvar1@%']
8014,Coup de Grace,,Deal 8% more damage to champions who have less than 40% health.<br><hr><br>Total bonus damage dealt: <scaleAD>@f1@</scaleAD>,Deal more damage to low health enemy champions.,Deal 8% more damage to champions who have less than 40% health.,/lol-game-data/assets/v1/perk-images/Styles/Precision/CoupDeGrace/CoupDeGrace.png,['Total Bonus Damage: @eogvar1@']
5007,CDRScaling,,+@f1@ Ability Haste,+8 <lol-uikit-tooltipped-keyword key='LinkTooltip_Description_CDR'>Ability Haste</lol-uikit-tooltipped-keyword> ,+8 <lol-uikit-tooltipped-keyword key='LinkTooltip_Description_CDR'>Ability Haste</lol-uikit-tooltipped-keyword> ,/lol-game-data/assets/v1/perk-images/StatMods/StatModsCDRScalingIcon.png,[]
8021,Fleet Footwork,,"Attacking and moving builds Energy stacks. At 100 stacks, your next attack is Energized.<br><br>Energized attacks heal you for <font color='#ffffff'>@f2@</font> <scaleAD>(+@f3@)</scaleAD> <scaleAP>(+@f4@)</scaleAP> and grant <speed>@f5*100@% Move Speed</speed> for 1 second.<br><rules><br>Healing from minions is 10% effective for Ranged Champions, and 20% effective for Melee Champions.<br></rules><hr><br>Total Healing: @f1@","Attacking and moving builds Energy stacks. At 100 stacks, your next attack heals you and grants increased <lol-uikit-tooltipped-keyword key='LinkTooltip_Description_MS'>MS</lol-uikit-tooltipped-keyword>.","Attacking and moving builds Energy stacks. At 100 stacks, your next attack is Energized<br><br>Energized attacks heal you for 10 - 100 (+0.3 Bonus AD, +0.2 AP) and grant <speed>20% Move Speed</speed> for 1s.<br><br>Healing from minions is 10% effective for Ranged Champions, and 20% effective for Melee Champions.",/lol-game-data/assets/v1/perk-images/Styles/Precision/FleetFootwork/FleetFootwork.png,['Total Healing: @eogvar1@']
8226,Manaflow Band,8.7,"Hitting an enemy champion with an ability permanently increases your maximum mana by 25, up to 250 mana.<br><br>After reaching 250 bonus mana, restore 1% of your missing mana every 5 seconds.<br><br>Cooldown: 15 seconds<br><hr><br>Total bonus mana: @f1@<br>Total mana restored: @f2@","Hitting an enemy champion with an ability permanently increases your maximum mana by 25, up to 250 mana.<br><br>After reaching 250 bonus mana, restore 1% of your missing mana every 5 seconds.","Hitting an enemy champion with an ability permanently increases your maximum mana by 25, up to 250 mana.<br><br>After reaching 250 bonus mana, restore 1% of your missing mana every 5 seconds.<br><br>Cooldown: 15 seconds",/lol-game-data/assets/v1/perk-images/Styles/Sorcery/ManaflowBand/ManaflowBand.png,"['Total bonus mana: @eogvar1@', 'Total mana restored: @eogvar2@']"
8451,Overgrowth,8.23,"Absorb life essence from monsters or enemy minions that die near you, permanently gaining 3 maximum health for every 8.<br><br>When you've absorbed 120 monsters or enemy minions, gain an additional 3.5% maximum health.<br><hr><br>Total Max Health Earned: <scaleHealth>@f1@</scaleHealth><br>Enemies Absorbed: <passiveText>@f2@</passiveText>",Gain permanent max health when minions or monsters die near you.,"Absorb life essence from monsters or enemy minions that die near you, permanently gaining 3 maximum health for every 8.<br><br>When you've absorbed 120 monsters or enemy minions, gain an additional 3.5% maximum health.",/lol-game-data/assets/v1/perk-images/Styles/Resolve/Overgrowth/Overgrowth.png,['Total Bonus Max Health: @eogvar1@']
8313,Perfect Timing,,Begin the game with a Commencing Stopwatch that transforms into a Stopwatch after 14 minutes. Each takedown you acquire reduces this timer by 120 seconds.<br><br>Stopwatch can be used for a one time 2.5 second Stasis effect.,"Gain a free Commencing Stopwatch. After 14 minutes, it can be used for a one time <lol-uikit-tooltipped-keyword key='LinkTooltip_Description_Stasis'>Stasis</lol-uikit-tooltipped-keyword> effect. <br><br>Each <lol-uikit-tooltipped-keyword key='LinkTooltip_Description_Takedown'>takedown</lol-uikit-tooltipped-keyword> you get shortens this timer by 120 seconds.",Begin the game with a Commencing Stopwatch that transforms into a Stopwatch after 14 minutes. Each takedown you acquire reduces this timer by 120 seconds.<br><br>Stopwatch can be used for a one time 2.5 second Stasis effect.,/lol-game-data/assets/v1/perk-images/Styles/Inspiration/PerfectTiming/PerfectTiming.png,['Timing: Perfect']
9103,Legend: Bloodline,,"Gain 0.4% lifesteal for every <i>Legend</i> stack (<statGood>max 15 stacks</statGood>). At maximum <i>Legend</i> stacks, gain 100 max health.<br><br>Earn progress toward <i>Legend</i> stacks for every champion takedown, epic monster takedown, large monster kill, and minion kill.<br><hr><br>Total Life Steal Granted: <scaleAD>@f1*100@%</scaleAD> (<statGood>@f3@ of 15</statGood>)<br>Progress Towards Next Stack: @f2@%<br>","<lol-uikit-tooltipped-keyword key='LinkTooltip_Description_Takedown'>Takedowns</lol-uikit-tooltipped-keyword> on enemies grant permanent<b> Lifesteal</b>, up to a cap. Once the cap is reached, increase your max health. Weaker earlier but stronger later game than other Legend Runes.","Gain 0.4% lifesteal for every <i>Legend</i> stack (<statGood>max 15 stacks</statGood>). At maximum <i>Legend</i> stacks, gain 100 max health.<br><br>Earn progress toward <i>Legend</i> stacks for every champion takedown, epic monster takedown, large monster kill, and minion kill.",/lol-game-data/assets/v1/perk-images/Styles/Precision/LegendBloodline/LegendBloodline.png,['Time Completed: @eogvar1@:@eogvar2@']
8114,The Immortal Butcher,,"<pathDomination>Domination</pathDomination> + <pathResolve>Resolve</pathResolve><br>+0 Attack Damage or +0 Ability Power, <lol-uikit-tooltipped-keyword key='LinkTooltip_Description_Adaptive'><font color='#48C4B7'>Adaptive</font></lol-uikit-tooltipped-keyword><br>Current Bonus: <scaleAD>+@f1@ <scaleAD>Attack Damage</scaleAD></scaleAD><br>+0-0 Health based on level",<pathBonus><pathDomination>Domination</pathDomination> + <pathResolve>Resolve</pathResolve> Set Bonus</pathBonus>,"+0 Attack Damage or +0 Ability Power, <lol-uikit-tooltipped-keyword key='LinkTooltip_Description_Adaptive'><font color='#48C4B7'>Adaptive</font></lol-uikit-tooltipped-keyword><br>+0-0 Health based on level",/lol-game-data/assets/v1/perk-images/Styles/RunesIcon.png,[]
8230,Phase Rush,,Hitting an enemy champion with 3 attacks or <b>separate</b> abilities within 4s grants <speed>15 - 40% Move Speed</speed> based on level and 75% Slow Resistance. <hr>This is increased to <speed>30 - 60% Move Speed</speed> for Melee champions.<hr>Duration: 3s<br>Cooldown: @f4@s<br>Haste Bonus: @f2@%,Hitting an enemy champion with 3 <b>separate</b> attacks or abilities grants a burst of <lol-uikit-tooltipped-keyword key='LinkTooltip_Description_MS'>MS</lol-uikit-tooltipped-keyword>. ,Hitting an enemy champion with 3 attacks or <b>separate</b> abilities within 4s grants <speed>15 - 40% Move Speed</speed> based on level and 75% Slow Resistance. <hr>This is increased to <speed>30 - 60% Move Speed</speed> for Melee champions.<hr>Duration: 3s<br>Cooldown: 10s - 30s,/lol-game-data/assets/v1/perk-images/Styles/Sorcery/PhaseRush/PhaseRush.png,['Total activations: @eogvar1@']
8318,The Ruthless Visionary,,"<pathInspiration>Inspiration</pathInspiration> + <pathDomination>Domination</pathDomination><br>+0 Attack Damage or +0 Ability Power, <lol-uikit-tooltipped-keyword key='LinkTooltip_Description_Adaptive'><font color='#48C4B7'>Adaptive</font></lol-uikit-tooltipped-keyword><br>Current Bonus: <scaleAD>+@f1@ <scaleAD>Attack Damage</scaleAD></scaleAD>",<pathBonus><pathInspiration>Inspiration</pathInspiration> + <pathDomination>Domination</pathDomination> Set Bonus</pathBonus>,"+0 Attack Damage or +0 Ability Power, <lol-uikit-tooltipped-keyword key='LinkTooltip_Description_Adaptive'><font color='#48C4B7'>Adaptive</font></lol-uikit-tooltipped-keyword>",/lol-game-data/assets/v1/perk-images/Styles/RunesIcon.png,[]
8316,Minion Dematerializer,9.6,"Start the game with 3 Minion Dematerializers that kill and absorb lane minions instantly. Minion Dematerializers are on cooldown for the first 180s of the game.<br><br>Absorbing a minion increases your damage by +6% against that type of minion permanently, and an extra +3% for each additional minion of that type absorbed.<br><br><hr><br>Melee Bonus Damage: +@f1@%<br>Caster Bonus Damage: +@f2@%<br>Siege Bonus Damage: +@f3@%",Start the game with 3 Minion Dematerializers. Killing minions with the item gives permanent bonus damage vs. that minion type.,"Start the game with 3 Minion Dematerializers that kill and absorb lane minions instantly. Minion Dematerializers are on cooldown for the first 180s of the game.<br><br>Absorbing a minion increases your damage by +6% against that type of minion permanently, and an extra +3% for each additional minion of that type absorbed.<br>",/lol-game-data/assets/v1/perk-images/Styles/Inspiration/MinionDematerializer/MinionDematerializer.png,['Bonus Minion Damage Dealt: @eogvar1@']
8463,Font of Life,,Impairing the movement of an enemy champion marks them for 4s.<br><br>Ally champions who attack marked enemies heal for 5 + 1% of your max health over 2s. ,<lol-uikit-tooltipped-keyword key='LinkTooltip_Description_ImpairMov'>Impairing</lol-uikit-tooltipped-keyword> the movement of an enemy champion marks them. Your allies heal when attacking champions you've marked. ,Impairing the movement of an enemy champion marks them for 4s.<br><br>Ally champions who attack marked enemies heal for 5 + 1% of your max health over 2s. ,/lol-game-data/assets/v1/perk-images/Styles/Resolve/FontOfLife/FontOfLife.png,['Total Ally Healing: @eogvar1@']
7000,Template,,,,,/lol-game-data/assets/v1/perk-images/Template/7000.png,[]
8304,Magical Footwear,9.9,"You get free Slightly Magical Footwear at 12 min, but you cannot buy boots before then. For each takedown you acquire the boots 45s sooner.<br><br>Slightly Magical Footwear grants you an additional <speed>10 Move Speed</speed>.<br><hr><br><scaleAD>Boots arrival time:</scaleAD> @f1@:@f2@@f3@",You get free boots at 12 min but you cannot buy boots before then. Each <lol-uikit-tooltipped-keyword key='LinkTooltip_Description_Takedown'>takedown</lol-uikit-tooltipped-keyword> you get makes your boots come 45s sooner.,"You get free Slightly Magical Footwear at 12 min, but you cannot buy boots before then. For each takedown you acquire the boots 45s sooner.<br><br>Slightly Magical Footwear grants you an additional <speed>10 Move Speed</speed>.",/lol-game-data/assets/v1/perk-images/Styles/Inspiration/MagicalFootwear/MagicalFootwear.png,['Boots Arrival Time: @eogvar1@:@eogvar2@@eogvar3@']
8236,Gathering Storm,,"Every 10 min gain AP or AD, <lol-uikit-tooltipped-keyword key='LinkTooltip_Description_Adaptive'><font color='#48C4B7'>adaptive</font></lol-uikit-tooltipped-keyword>.<br><br><i>10 min</i>: + 8 AP or 5 AD <br><i>20 min</i>: + 24 AP or 14 AD<br><i>30 min</i>: + 48 AP or 29 AD<br><i>40 min</i>: + 80 AP or 48 AD<br><i>50 min</i>: + 120 AP or 72 AD<br><i>60 min</i>: + 168 AP or 101 AD<br>etc...<br><hr><br>Current Bonus: <scaleAD>+@f1@ <scaleAD>Attack Damage</scaleAD></scaleAD>","Gain increasing amounts of AD or AP, <lol-uikit-tooltipped-keyword key='LinkTooltip_Description_Adaptive'>adaptive</lol-uikit-tooltipped-keyword> over the course of the game.","Every 10 min gain AP or AD, <lol-uikit-tooltipped-keyword key='LinkTooltip_Description_Adaptive'><font color='#48C4B7'>adaptive</font></lol-uikit-tooltipped-keyword>.<br><br><i>10 min</i>: + 8 AP or 5 AD <br><i>20 min</i>: + 24 AP or 14 AD<br><i>30 min</i>: + 48 AP or 29 AD<br><i>40 min</i>: + 80 AP or 48 AD<br><i>50 min</i>: + 120 AP or 72 AD<br><i>60 min</i>: + 168 AP or 101 AD<br>etc...",/lol-game-data/assets/v1/perk-images/Styles/Sorcery/GatheringStorm/GatheringStorm.png,['Total Bonus AD/AP: @eogvar1@']
8009,Presence of Mind,8.7,"Damaging an enemy champion increases your mana regeneration by @RegenAmount@ (80% for ranged) mana per second for 4 seconds. All energy users gain 1.5 energy per second, instead.<br><br>Takedowns restore 15% of your maximum mana or energy. <br><hr><br>Resource Restored: @f1@<br>",Increase your mana or energy regeneration when damaging an enemy champion. Takedowns restore mana or energy.,"Damaging an enemy champion increases your mana regeneration by 1.5-11 (80% for ranged) mana per second for 4 seconds. All energy users gain 1.5 energy per second, instead.<br><br>Takedowns restore 15% of your maximum mana or energy. ",/lol-game-data/assets/v1/perk-images/Styles/Precision/PresenceOfMind/PresenceOfMind.png,['Resource Restored: @eogvar1@']
8006,The Eternal Champion,,<pathPrecision>Precision</pathPrecision> + <pathResolve>Resolve</pathResolve><br>+0% Attack Speed<br>+0-0 Health based on level,<pathBonus><pathPrecision>Precision</pathPrecision> + <pathResolve>Resolve</pathResolve> Set Bonus</pathBonus>,+0% Attack Speed<br>+0-0 Health based on level,/lol-game-data/assets/v1/perk-images/Styles/RunesIcon.png,[]
9104,Legend: Alacrity,,"Gain 3% attack speed plus an additional 1.5% for every <i>Legend</i> stack (<statGood>max 10 stacks</statGood>).<br><br>Earn progress toward <i>Legend</i> stacks for every champion takedown, epic monster takedown, large monster kill, and minion kill.<br><hr><br>Total Attack Speed added: <scaleAD>@f1*100@%</scaleAD> (<statGood>@f3@ of 10</statGood>)<br>Progress Towards Next Stack: @f2@%",<lol-uikit-tooltipped-keyword key='LinkTooltip_Description_Takedown'>Takedowns</lol-uikit-tooltipped-keyword> on enemies grant permanent <b>Attack Speed</b>. ,"Gain 3% attack speed plus an additional 1.5% for every <i>Legend</i> stack (<statGood>max 10 stacks</statGood>).<br><br>Earn progress toward <i>Legend</i> stacks for every champion takedown, epic monster takedown, large monster kill, and minion kill.",/lol-game-data/assets/v1/perk-images/Styles/Precision/LegendAlacrity/LegendAlacrity.png,['Time Completed: @eogvar1@:@eogvar2@']
8416,The Enlightened Titan,,<pathResolve>Resolve</pathResolve> + <pathInspiration>Inspiration</pathInspiration><br>+0-0 Health based on level,<pathBonus><pathResolve>Resolve</pathResolve> + <pathInspiration>Inspiration</pathInspiration> Set Bonus</pathBonus>,+0-0 Health based on level,/lol-game-data/assets/v1/perk-images/Styles/RunesIcon.png,[]
5005,AttackSpeed,,+10% Attack Speed,+10% Attack Speed,+10% Attack Speed,/lol-game-data/assets/v1/perk-images/StatMods/StatModsAttackSpeedIcon.png,[]
8306,Hextech Flashtraption,,While Flash is on cooldown it is replaced by <i>Hexflash</i>.<br><br><i>Hexflash</i>: Channel for 2s to blink to a new location.<br><br>Cooldown: 20s. Goes on a 10s cooldown when you enter champion combat.,"While Flash is on cooldown it is replaced by <i>Hexflash</i>.<br><br><i>Hexflash</i>: Channel, then blink to a new location.",While Flash is on cooldown it is replaced by <i>Hexflash</i>.<br><br><i>Hexflash</i>: Channel for 2s to blink to a new location.<br><br>Cooldown: 20s. Goes on a 10s cooldown when you enter champion combat.,/lol-game-data/assets/v1/perk-images/Styles/Inspiration/HextechFlashtraption/HextechFlashtraption.png,['Times Hexflashed: @eogvar1@']
8465,Guardian,,"<i>Guard</i> allies within 350 units of you, and allies you target with spells for 2.5s. While <i>Guarding</i>, if you or the ally take more than a small amount of damage over the duration of the <i>Guard</i>, both of you gain a shield for 1.5s.<br><hr><br>Cooldown: <scaleLevel>@f5@</scaleLevel> seconds<br>Current shield strength: <scaleLevel>@f2@</scaleLevel> <scaleAP>(+@f3@)</scaleAP> <scaleHealth>(+@f4@)</scaleHealth>.","Guard allies you cast spells on and those that are very nearby. If you or a guarded ally would take damage based on level, you're both granted a shield.","<i>Guard</i> allies within 350 units of you, and allies you target with spells for 2.5s. While <i>Guarding</i>, if you or the ally take more than a small amount of damage over the duration of the <i>Guard</i>, both of you gain a shield for 1.5s.<br><br>Cooldown: <scaleLevel>70 - 40</scaleLevel> seconds<br>Shield: <scaleLevel>50 - 130</scaleLevel> + <scaleAP>15%</scaleAP> of your ability power + <scalehealth>9%</scalehealth> of your bonus health<br>Proc Threshold: <scaleLevel>90 - 250</scaleLevel> postmitigation damage",/lol-game-data/assets/v1/perk-images/Styles/Resolve/Guardian/Guardian.png,['Total Shield Strength: @eogvar1@']
8138,Eyeball Collection,,"Collect eyeballs for champion takedowns. Gain an <lol-uikit-tooltipped-keyword key='LinkTooltip_Description_Adaptive'><font color='#48C4B7'>adaptive</font></lol-uikit-tooltipped-keyword> bonus of 1.2 Attack Damage or 2 Ability Power, per eyeball collected. <br><br>Upon completing your collection at 10 eyeballs, additionally gain an <lol-uikit-tooltipped-keyword key='LinkTooltip_Description_Adaptive'><font color='#48C4B7'>adaptive</font></lol-uikit-tooltipped-keyword> bonus of 6 Attack Damage, or 10 Ability Power.<br><br>Collect 1 eyeball per champion takedown.<br><hr><br>Stats Gained: <scaleAD>+@f2@ Attack Damage</scaleAD><br>Eyeballs Collected: @f3@/10","Collect eyeballs for champion <lol-uikit-tooltipped-keyword key='LinkTooltip_Description_Takedown'>takedowns</lol-uikit-tooltipped-keyword>. Gain permanent AD or AP, <lol-uikit-tooltipped-keyword key='LinkTooltip_Description_Adaptive'>adaptive</lol-uikit-tooltipped-keyword> for each eyeball plus bonus upon collection completion.","Collect eyeballs for champion takedowns. Gain an <lol-uikit-tooltipped-keyword key='LinkTooltip_Description_Adaptive'><font color='#48C4B7'>adaptive</font></lol-uikit-tooltipped-keyword> bonus of 1.2 Attack Damage or 2 Ability Power, per eyeball collected. <br><br>Upon completing your collection at 10 eyeballs, additionally gain an <lol-uikit-tooltipped-keyword key='LinkTooltip_Description_Adaptive'><font color='#48C4B7'>adaptive</font></lol-uikit-tooltipped-keyword> bonus of 6 Attack Damage, or 10 Ability Power.<br><br>Collect 1 eyeball per champion takedown.",/lol-game-data/assets/v1/perk-images/Styles/Domination/EyeballCollection/EyeballCollection.png,['Total Bonus AD/AP: @eogvar1@']
8127,The Twisted Surgeon,,"<pathDomination>Domination</pathDomination> + <pathPrecision>Precision</pathPrecision><br>+0 Attack Damage or +0 Ability Power, <lol-uikit-tooltipped-keyword key='LinkTooltip_Description_Adaptive'><font color='#48C4B7'>Adaptive</font></lol-uikit-tooltipped-keyword><br>Current Bonus: <scaleAD>+@f1@ <scaleAD>Attack Damage</scaleAD></scaleAD><br>+0% Attack Speed",<pathBonus><pathDomination>Domination</pathDomination> + <pathPrecision>Precision</pathPrecision> Set Bonus</pathBonus>,"+0 Attack Damage or +0 Ability Power, <lol-uikit-tooltipped-keyword key='LinkTooltip_Description_Adaptive'><font color='#48C4B7'>Adaptive</font></lol-uikit-tooltipped-keyword><br>+0% Attack Speed",/lol-game-data/assets/v1/perk-images/Styles/RunesIcon.png,[]
8143,Sudden Impact,,"After exiting stealth or using a dash, leap, blink, or teleport, dealing any damage to a champion grants you 7 Lethality and 6 Magic Penetration for 5s.<br><br>Cooldown: 4s<br><hr><br>Bonus champion damage: @f1@","Gain a burst of Lethality and Magic Penetration after using a dash, leap, blink, teleport, or when leaving stealth.","After exiting stealth or using a dash, leap, blink, or teleport, dealing any damage to a champion grants you 7 Lethality and 6 Magic Penetration for 5s.<br><br>Cooldown: 4s",/lol-game-data/assets/v1/perk-images/Styles/Domination/SuddenImpact/SuddenImpact.png,['Bonus Damage: @eogvar1@']
8345,Biscuit Delivery,,"Biscuit Delivery: Gain a Total Biscuit of Everlasting Will every 2 mins, until 6 min.<br><br>Biscuits restore 10% of your missing health and mana. Consuming or selling a Biscuit permanently increases your mana cap by 50. <br><br><i>Manaless:</i> Champions without mana restore 12% missing health instead.<br><hr><br>Biscuits Gained: @f1@/@f2@","Gain a free Biscuit every 2 min, until 6 min. Consuming or selling a Biscuit permanently increases your max mana and restores health and mana.","Biscuit Delivery: Gain a Total Biscuit of Everlasting Will every 2 mins, until 6 min.<br><br>Biscuits restore 10% of your missing health and mana. Consuming or selling a Biscuit permanently increases your mana cap by 50. <br><br><i>Manaless:</i> Champions without mana restore 12% missing health instead.",/lol-game-data/assets/v1/perk-images/Styles/Inspiration/BiscuitDelivery/BiscuitDelivery.png,['Biscuits Received: @eogvar1@']
8444,Second Wind,,"After taking damage from an enemy champion, heal for 4% of your missing health +6 over 10s.<br><hr><br><scaleAD>Total healing: @f1@</scaleAD>",After taking damage from an enemy champion heal back some missing health over time. ,"After taking damage from an enemy champion, heal for 4% of your missing health +6 over 10s.",/lol-game-data/assets/v1/perk-images/Styles/Resolve/SecondWind/SecondWind.png,['Total Healing: @eogvar1@']
8205,The Incontestable Spellslinger,,"<pathSorcery>Sorcery</pathSorcery> + <pathPrecision>Precision</pathPrecision><br>+0 Attack Damage or +0 Ability Power, <lol-uikit-tooltipped-keyword key='LinkTooltip_Description_Adaptive'><font color='#48C4B7'>Adaptive</font></lol-uikit-tooltipped-keyword><br>Current Bonus: <scaleAD>+@f1@ <scaleAD>Attack Damage</scaleAD></scaleAD><br>+0% Attack Speed",<pathBonus><pathSorcery>Sorcery</pathSorcery> + <pathPrecision>Precision</pathPrecision> Set Bonus</pathBonus>,"+0 Attack Damage or +0 Ability Power, <lol-uikit-tooltipped-keyword key='LinkTooltip_Description_Adaptive'><font color='#48C4B7'>Adaptive</font></lol-uikit-tooltipped-keyword><br>+0% Attack Speed",/lol-game-data/assets/v1/perk-images/Styles/RunesIcon.png,[]
8437,Grasp of the Undying,,"Every 4s in combat, your next basic attack on a champion will:<li>Deal bonus magic damage equal to 4% of your max health</li><li>Heals you for 2% of your max health</li><li>Permanently increase your health by 5</li><br><rules><i>Ranged Champions:</i> Damage, healing, and permanent health gained reduced by 40%.</rules><br><br><hr><br>Damage to Champions <scaleHealth>@f1@</scaleHealth><br>Total Healing: <scaleHealth>@f2@</scaleHealth><br>Times Used: @f3@","Every 4s your next attack on a champion deals bonus magic damage, heals you, and permanently increases your health.","Every 4s in combat, your next basic attack on a champion will:<li>Deal bonus magic damage equal to 4% of your max health</li><li>Heals you for 2% of your max health</li><li>Permanently increase your health by 5</li><br><rules><i>Ranged Champions:</i> Damage, healing, and permanent health gained reduced by 40%.</rules><br>",/lol-game-data/assets/v1/perk-images/Styles/Resolve/GraspOfTheUndying/GraspOfTheUndying.png,"['Total damage: @eogvar1@', 'Total Healing: @eogvar2@']"
9923,Hail of Blades,8.11,Gain @f3@% Attack Speed when you attack an enemy champion for up to 3 attacks. <br><br>Cooldown: 12s.<br><hr><br>Hail of Blades attacks: @f1@<br>Percentage of Hail attacks landed: @f2@%<br><br><rules>Basic Attack resets increase the attack limit by 1.<br>Allows you to temporarily exceed the attack speed limit.</rules>,Gain a large amount of Attack Speed for the first 3 attacks made against enemy champions.,Gain 110% Attack Speed when you attack an enemy champion for up to 3 attacks.<br><br>No more than 3s can elapse between attacks or this effect will end.<br><br>Cooldown: 12s.<br><br><rules>Attack resets increase the attack limit by 1.<br>Allows you to temporarily exceed the attack speed limit.</rules>,/lol-game-data/assets/v1/perk-images/Styles/Domination/HailOfBlades/HailOfBlades.png,"['Attacks made with extra attack speed: @eogvar1@', 'Percentage of Hail attacks landed: @eogvar2@%']"
8429,Conditioning,9.9,After 12 min gain +9 Armor and +9 Magic Resist and increase your Armor and Magic Resist by 5%.<br><br>Armor Gained: @f3@ <scaleArmor>(+@f4@)</scaleArmor><br>Resist Gained: @f5@ <scaleMR>(+@f6@)</scaleMR>,After 12 min gain +9 Armor and +9 Magic Resist and increase your Armor and Magic Resist by 5%.,After 12 min gain +9 Armor and +9 Magic Resist and increase your Armor and Magic Resist by 5%.,/lol-game-data/assets/v1/perk-images/Styles/Resolve/Conditioning/Conditioning.png,"['Percent of game active: @eogvar1@%', 'Total Bonus Armor: @eogvar2@', 'Total Bonus Magic Resist: @eogvar3@']"
8124,Predator,,"Enchants your boots with the active effect <font color='#c60300'>Predator</font>.<br><br>Gain increased <speed>Move Speed</speed>, ramping up to <speed>45% Move Speed</speed> over 1.5 seconds, while chasing enemy champions. Damaging attacks or abilities to champions end this effect, dealing <scaleLevel>@f3@</scaleLevel> <font color='#99FF99'>(+@f5@)</font> <font color='#FF8C00'>(+@f4@)</font> bonus damage. <br><br>Cooldown: <scaleLevel>@f7@</scaleLevel>s<br><hr><br>Damage Dealt To Champions: @f1@",Add an active effect to your boots that grants a large boost of <lol-uikit-tooltipped-keyword key='LinkTooltip_Description_MS'>MS</lol-uikit-tooltipped-keyword> and causes your next attack or ability to deal bonus <lol-uikit-tooltipped-keyword key='LinkTooltip_Description_AdaptiveDmg'>adaptive damage</lol-uikit-tooltipped-keyword>.,"Enchants your boots with the active effect '<font color='#c60300'>Predator</font>.'<br><br>Gain increased Move Speed, ramping up to 45% Move Speed over 1 second, while chasing enemy champions. After ramping up, damaging attacks or abilities to champions end this effect, dealing 40-120 (+<scaleAD>0.2</scaleAD> bonus AD)(+<scaleAP>0.1</scaleAP> AP) bonus <lol-uikit-tooltipped-keyword key='LinkTooltip_Description_AdaptiveDmg'><font color='#48C4B7'>adaptive damage</font></lol-uikit-tooltipped-keyword>.<br><br>Cooldown: 90s-60s.",/lol-game-data/assets/v1/perk-images/Styles/Domination/Predator/Predator.png,['Total Damage to Champions: @eogvar1@']
8233,Absolute Focus,,"While above 70% health, gain an <lol-uikit-tooltipped-keyword key='LinkTooltip_Description_Adaptive'><font color='#48C4B7'>adaptive</font></lol-uikit-tooltipped-keyword> bonus of up to 18 Attack Damage or 30 Ability Power (based on level). <br><br>Grants 1.8 Attack Damage or 3 Ability Power at level 1. <br><hr><br>Current Bonus: <scaleAD>+@f1@ <scaleAD>Attack Damage</scaleAD></scaleAD>","While above 70% health, gain extra <lol-uikit-tooltipped-keyword key='LinkTooltip_Description_AdaptiveDmg'>adaptive damage</lol-uikit-tooltipped-keyword>.","While above 70% health, gain an <lol-uikit-tooltipped-keyword key='LinkTooltip_Description_Adaptive'><font color='#48C4B7'>adaptive</font></lol-uikit-tooltipped-keyword> bonus of up to 18 Attack Damage or 30 Ability Power (based on level). <br><br>Grants 1.8 Attack Damage or 3 Ability Power at level 1. ",/lol-game-data/assets/v1/perk-images/Styles/Sorcery/AbsoluteFocus/AbsoluteFocus.png,['Total time active: @eogvar1@:@eogvar2@']
8007,The Savant,,<pathPrecision>Precision</pathPrecision> + <pathInspiration>Inspiration</pathInspiration><br>+0% Attack Speed,<pathBonus><pathPrecision>Precision</pathPrecision> + <pathInspiration>Inspiration</pathInspiration> Set Bonus</pathBonus>,+0% Attack Speed,/lol-game-data/assets/v1/perk-images/Styles/RunesIcon.png,[]
8136,Zombie Ward,8.14,"<lol-uikit-tooltipped-keyword key='LinkTooltip_Description_Takedown'>Takedowns</lol-uikit-tooltipped-keyword> on enemy Wards cause friendly Zombie Wards to sprout from their corpses.<br><br>Gain an <lol-uikit-tooltipped-keyword key='LinkTooltip_Description_Adaptive'><font color='#48C4B7'>adaptive</font></lol-uikit-tooltipped-keyword> bonus of 1.2 Attack Damage or 2 Ability Power for every Zombie Ward spawned, up to 10. <br><br>After spawning 10 Zombie Wards, additionally gain 10 adaptive force.<br><br>Zombie Wards are visible, last for 120s and do not count towards your ward limit.<br><hr><br>Stats Gained: <scaleAD>+@f2@ Attack Damage</scaleAD><br>Zombie Wards raised: @f1@","<lol-uikit-tooltipped-keyword key='LinkTooltip_Description_Takedown'>Takedowns</lol-uikit-tooltipped-keyword> on enemy Wards cause friendly Zombie Wards to sprout from their corpses. Gain permanent AD or AP, <lol-uikit-tooltipped-keyword key='LinkTooltip_Description_Adaptive'>adaptive</lol-uikit-tooltipped-keyword> for each Zombie Ward spawned plus bonus upon completion.","<lol-uikit-tooltipped-keyword key='LinkTooltip_Description_Takedown'>Takedowns</lol-uikit-tooltipped-keyword> on enemy Wards cause friendly Zombie Wards to sprout from their corpses.<br><br>Gain an <lol-uikit-tooltipped-keyword key='LinkTooltip_Description_Adaptive'><font color='#48C4B7'>adaptive</font></lol-uikit-tooltipped-keyword> bonus of 1.2 Attack Damage or 2 Ability Power for every Zombie Ward spawned, up to 10. <br><br>After spawning 10 Zombie Wards, additionally gain 10 adaptive force.<br><br>Zombie Wards are visible, last for 120s and do not count towards your ward limit.",/lol-game-data/assets/v1/perk-images/Styles/Domination/ZombieWard/ZombieWard.png,"['Wards spawned: @eogvar1@', 'Adaptive Force Gained: @eogvar2@']"
8358,Prototype: Omnistone,9.23,"Periodically grants a single use of another random keystone.<br><br>@Cooldown@ second cooldown between using a keystone and gaining the next. (@CooldownRanged@ seconds for ranged users)<br><br><rules><br>After 40 seconds of not using a given keystone, Omnistone will re-roll when you exit champion combat.<br>Aftershock is only available to champions who have learned a basic spell that can trigger it.<br>Predator is only available to champions who have already purchased boots.<br>Dark Harvest souls empower all your keystones (@f4@ souls collected).<br></rules><br><hr><br>Keystones Used: @f1@<br>Total Damage Dealt: @f2@<br>Buffs Applied: @f3@",Periodically grants a single use of another random keystone.,"Periodically grants a single use of another random keystone.<br><br>5-3  second cooldown between using a keystone and gaining the next. (9-7 seconds for ranged users)<br><br><rules><br>After 40 seconds of not using a given keystone, Omnistone will re-roll when you exit champion combat.<br>Aftershock is only available to champions who have learned a basic spell that can trigger it.<br>Predator is only available to champions who have already purchased boots.<br></rules>",/lol-game-data/assets/v1/perk-images/Styles/Inspiration/MasterKey/MasterKey.png,"['Keystones Used: @eogvar1@', 'Damage Dealt: @eogvar2@', 'Positive Buffs Granted: @eogvar3@']"
8208,The Ancient One,,"<pathSorcery>Sorcery</pathSorcery> + <pathResolve>Resolve</pathResolve><br>+0 Attack Damage or +0 Ability Power, <lol-uikit-tooltipped-keyword key='LinkTooltip_Description_Adaptive'><font color='#48C4B7'>Adaptive</font></lol-uikit-tooltipped-keyword><br>Current Bonus: <scaleAD>+@f1@ <scaleAD>Attack Damage</scaleAD></scaleAD><br>+0-0 Health based on level",<pathBonus><pathSorcery>Sorcery</pathSorcery> + <pathResolve>Resolve</pathResolve> Set Bonus</pathBonus>,"+0 Attack Damage or +0 Ability Power, <lol-uikit-tooltipped-keyword key='LinkTooltip_Description_Adaptive'><font color='#48C4B7'>Adaptive</font></lol-uikit-tooltipped-keyword><br>+0-0 Health based on level",/lol-game-data/assets/v1/perk-images/Styles/RunesIcon.png,[]
8347,Cosmic Insight,,+<attention>18</attention> Summoner Spell Haste<br>+<attention>10</attention> Item Haste,+<attention>18</attention> Summoner Spell Haste<br>+<attention>10</attention> Item Haste,+<attention>18</attention> Summoner Spell Haste<br>+<attention>10</attention> Item Haste,/lol-game-data/assets/v1/perk-images/Styles/Inspiration/CosmicInsight/CosmicInsight.png,['--']
8472,Chrysalis,8.6,"Start the game with 40 bonus health. When you get 4 takedowns, convert that health for an <lol-uikit-tooltipped-keyword key='LinkTooltip_Description_Adaptive'><font color='#48C4B7'>adaptive</font></lol-uikit-tooltipped-keyword> bonus of 6 Attack Damage or 10 Ability Power.<br><hr><br>Takedowns: @f1@/@f2@<br>Health Given: @f3@<br>Bonus <scaleAD>Attack Damage</scaleAD> Given: @f4@","Start the game with 40 bonus health. When you get 4 takedowns, convert that health for an <lol-uikit-tooltipped-keyword key='LinkTooltip_Description_Adaptive'><font color='#48C4B7'>adaptive</font></lol-uikit-tooltipped-keyword> bonus of 6 Attack Damage or 10 Ability Power.","Start the game with 40 bonus health. When you get 4 takedowns, convert that health for an <lol-uikit-tooltipped-keyword key='LinkTooltip_Description_Adaptive'><font color='#48C4B7'>adaptive</font></lol-uikit-tooltipped-keyword> bonus of 6 Attack Damage or 10 Ability Power.",/lol-game-data/assets/v1/perk-images/Styles/Resolve/Chrysalis/Chrysalis.png,[]
8229,Arcane Comet,,"Damaging a champion with an ability hurls a comet at their location, or, if Arcane Comet is on cooldown, reduces its remaining cooldown.<br><rules><br>Cooldown Reduction:<br>Single Target: 20%.<br>Area of Effect: 10%.<br>Damage over Time: 5%.<br></rules><br>Damage: <font color='#FFFFFF'>@f5@</font> (+<scaleAP>@f6@</scaleAP>) (+<scaleAD>@f7@</scaleAD>)<br>Cooldown: @f2@s<br><hr><br>You have hit with @f3@% of comets fired, for a total of @f1@ damage to champions.",Damaging a champion with an ability hurls a damaging comet at their location.,"Damaging a champion with an ability hurls a comet at their location, or, if Arcane Comet is on cooldown, reduces its remaining cooldown.<br><br><lol-uikit-tooltipped-keyword key='LinkTooltip_Description_AdaptiveDmg'><font color='#48C4B7'>Adaptive Damage</font></lol-uikit-tooltipped-keyword>: 30 - 100 based on level (<scaleAP>+0.2 AP</scaleAP> and <scaleAD>+0.35 bonus AD</scaleAD>)<br>Cooldown: 20 - 8s<br><rules><br>Cooldown Reduction:<br>Single Target: 20%.<br>Area of Effect: 10%.<br>Damage over Time: 5%.<br></rules>",/lol-game-data/assets/v1/perk-images/Styles/Sorcery/ArcaneComet/ArcaneComet.png,['Total Damage Dealt: @eogvar1@']
8344,The Elegant Duelist ,,<pathInspiration>Inspiration</pathInspiration> + <pathPrecision>Precision</pathPrecision><br>+0% Attack Speed,<pathBonus><pathInspiration>Inspiration</pathInspiration> + <pathPrecision>Precision</pathPrecision> Set Bonus</pathBonus>,+0% Attack Speed,/lol-game-data/assets/v1/perk-images/Styles/RunesIcon.png,[]
9101,Overheal,,"Excess healing on you becomes a shield, for up to <scaleHealth>@f7@ Max Health</scaleHealth>.<br><br>Shield is built up from <scaleLevel>@f6@%</scaleLevel> of excess healing from yourself or any ally.<br><hr><br><b>Total damage blocked: <scaleAD>@f1@</scaleAD></b>",Excess healing on you becomes a shield.,"Excess healing on you becomes a shield, for up to 10 <scaleHealth>(+10% Max Health)</scaleHealth>.<br><br>Shield is built up from 20 to 100% of excess healing from yourself or any ally.",/lol-game-data/assets/v1/perk-images/Styles/Precision/Overheal.png,['Total Shielding: @eogvar2@']
